Bin center;Hist 1;Hist 2;Hist 3;Hist 4;Hist 5;Hist 6;Hist 7;Hist 8;Hist 9;Hist 10;Hist 11;Hist 12;Hist 13;Hist 14;Hist 15;Hist 16;Hist 17;Hist 18;Hist 19;Hist 20;Hist 21;Hist 22;Hist 23;Hist 24;Hist 25;Hist 26;Hist 27;Hist 28;Hist 29;Hist 30;Hist 31;Hist 32;Hist 33;Hist 34;Hist 35;Hist 36;Hist 37;Hist 38;Hist 39;Hist 40;Hist 41;Hist 42;Hist 43;Hist 44;Hist 45;Hist 46;Hist 47;Hist 48;Hist 49;Hist 50;Hist 51;Hist 52;Hist 53;Hist 54;Hist 55;Hist 56;Hist 57;Hist 58;Hist 59;Hist 60;Hist 61;Hist 62;Hist 63;Hist 64;Hist 65;Hist 66;Hist 67;Hist 68;Hist 69;Hist 70
0.5;10048;10009;10588;5876;29867;37820;11885;308;395;465;19783;49408;18921;12873;0;0;0;0;494;2507;763;736;0;0;0;248;0;0;0;0;21204;0;76277;0;0;893;3450;0;0;0;0;0;0;0;0;0;0;0;0;0;0;0;406;1350;16601;19298;0;0;0;0;0;0;0;0;0;12055;9165;0;0;32434
1.5;10048;10009;10563;5876;29756;35189;11842;561;615;797;19561;48502;18821;12801;0;0;0;0;1059;4297;2291;1718;0;0;7461;1091;0;0;0;0;21062;4353;76277;0;0;1489;3971;0;0;0;0;0;0;0;0;0;0;0;0;0;0;0;1777;1751;16435;11134;0;0;0;0;0;0;0;0;0;12531;9217;0;0;32511
2.5;10048;10009;10538;5876;29756;30804;11587;758;791;1063;19363;47499;18739;12801;0;0;0;0;1271;5372;3245;2823;0;0;13009;2530;0;0;0;0;20968;4726;76277;0;0;2025;4491;0;0;0;0;0;0;0;0;0;0;0;0;0;0;0;3351;1851;16294;9702;0;0;0;0;0;0;0;0;0;12848;9217;0;0;32481
3.5;9977;10009;10538;5876;29756;20828;10863;954;835;1528;19279;46353;18739;12764;0;0;0;0;1624;6805;4295;4541;0;0;19514;4018;0;0;0;0;20937;5037;76539;0;0;2800;5012;0;0;0;0;0;0;0;0;0;0;0;263;0;0;0;5991;1951;16106;8879;0;0;0;0;0;0;0;0;0;13324;9295;0;0;32388
4.5;9977;9985;10538;5876;29672;8660;8094;1207;1099;1926;19137;44992;18658;12746;0;0;0;0;1907;7521;5059;6382;0;0;26784;5605;0;0;0;0;20905;5659;76520;0;0;3992;5533;0;0;0;0;0;0;0;0;0;0;0;1099;0;0;0;8987;2151;15894;8055;0;0;0;0;0;0;0;0;0;13642;9321;0;0;32388
5.5;9977;9937;10538;5876;29503;3398;6347;1375;1231;2126;18939;43487;18604;12709;0;0;0;0;2543;8954;5632;8469;0;0;33288;7044;0;0;0;0;20780;6405;76520;0;0;5362;6054;0;0;0;0;0;0;0;0;0;0;0;2417;0;0;0;12389;2251;15659;7303;0;0;0;0;0;0;0;0;0;14276;9321;0;0;32388
6.5;10001;9937;10538;5835;29166;767;6219;1516;1363;2192;18742;41839;18549;12709;0;0;0;0;2896;10386;6300;10678;0;0;43237;9574;0;0;0;0;20623;7587;75182;0;0;6912;6705;0;0;0;0;0;0;0;0;0;0;0;3648;0;0;0;15740;2351;15424;6623;0;0;0;0;0;0;0;0;0;14752;9372;0;0;32342
7.5;10001;9985;10363;5835;28660;0;6177;1712;1495;2325;18487;40406;18495;12672;0;0;0;0;3391;11103;7159;13133;0;0;51846;12204;0;0;0;0;20435;8831;71532;0;0;9057;7486;0;0;0;0;0;0;0;0;0;0;0;4703;0;0;0;18939;2501;15165;6122;0;0;0;0;0;0;0;0;0;15228;9424;0;0;32342
8.5;10001;9985;10264;5835;27817;0;6177;1853;1583;2325;18289;38759;18468;12653;0;0;0;0;3744;11819;7732;15220;0;0;61029;14883;0;0;0;0;20152;10572;66058;0;0;11560;8137;0;0;0;0;0;0;0;0;0;0;0;5451;0;0;0;21834;2701;14883;5764;0;0;0;0;0;0;0;0;0;15862;9476;0;0;32249
9.5;10001;9985;10089;5835;26974;0;6560;2021;1715;2591;17978;36681;18386;12653;0;0;0;0;4026;12893;8496;17061;0;0;69094;17016;0;0;0;134778;19775;12252;53163;0;0;14420;8788;0;0;1611;0;0;0;0;0;0;0;0;6066;0;0;0;24525;2701;14648;5406;0;0;0;0;0;0;0;0;0;16656;9502;0;4673;32109
10.5;10001;9985;9965;5835;25878;0;7582;2302;1847;2724;17413;34675;18305;12634;0;0;0;0;4380;13610;8973;16693;0;0;56820;19000;0;0;10072;114791;19305;14801;19343;21926;0;17697;9439;0;0;2327;0;0;0;0;0;0;0;11466;6242;0;0;0;26251;2951;14389;5012;0;0;0;0;0;0;0;0;0;17449;9502;0;5011;31970
11.5;10001;9985;9865;5876;25120;0;8520;2527;1935;2923;17102;32741;18250;12616;0;0;0;0;4592;14684;9546;15588;0;0;47063;20786;0;0;10435;91197;18677;17227;17761;21926;0;20855;10025;0;0;4475;0;0;0;0;0;0;0;11466;6286;0;0;0;27368;2951;14225;4726;0;0;0;0;0;0;0;0;0;17766;9528;0;5892;31923
12.5;10001;10032;9766;5876;24024;0;9883;2667;2023;3056;16876;30735;18223;12597;0;0;0;0;4945;15042;10310;13870;0;0;40367;22175;0;0;10797;73275;18080;20461;16180;21926;0;24252;10676;0;0;6623;0;0;0;0;0;0;0;11466;6286;0;0;10695;27974;3101;14037;4403;0;0;0;0;0;0;0;0;0;18401;9528;0;6772;31737
13.5;10001;10032;9641;5876;22759;0;11203;2892;2111;3189;16706;29015;18169;12542;0;0;0;0;5439;16117;11073;11783;0;0;36158;22572;0;0;11049;63747;17484;23260;14233;21378;0;27410;11392;0;0;8413;0;0;0;0;0;0;0;11466;6154;0;0;10695;27774;3201;13802;4153;0;0;0;0;0;0;0;0;0;19035;9554;0;8059;31552
14.5;10025;10032;9492;5876;21073;0;12226;3116;2331;3255;16565;27367;18115;12523;0;0;0;0;6146;16833;11742;9696;0;0;32714;22721;0;0;11356;54900;16793;25374;13017;19776;0;30449;11848;0;0;9667;0;0;0;0;0;0;0;11466;6154;0;0;10695;27419;3352;13543;3938;0;0;0;0;0;0;0;0;0;19670;9580;0;9685;31273
15.5;10025;10032;9417;5917;19219;0;13589;3313;2507;3388;16424;25720;18060;12486;0;0;0;0;6923;18266;12601;7364;0;0;30036;22324;0;0;11662;47867;16040;27302;11800;17196;0;33309;12368;0;0;11278;0;0;0;0;0;0;0;11466;6110;0;0;0;26810;3502;13261;3795;0;0;0;0;0;0;0;0;0;20304;9657;0;11649;30901
16.5;10025;10032;9292;5917;16774;0;14526;3481;2683;3588;16254;23928;18060;12449;0;0;0;0;7700;18982;13174;4664;0;0;27931;21630;0;0;11969;43103;15381;28608;10827;15164;0;35871;12759;0;0;12173;0;0;0;0;0;0;0;11384;6110;0;0;0;26150;3652;12955;3616;0;0;0;0;0;0;0;0;0;20780;9683;0;13816;30436
17.5;10025;10032;9217;5876;12475;0;14995;3650;2859;3720;16113;22352;18006;12430;0;0;0;0;8477;20057;13842;2577;0;0;25636;20687;0;0;12276;38112;14910;29230;10097;13249;0;37586;13085;0;0;13426;0;0;0;0;0;0;0;11384;6110;0;0;0;25337;3802;12602;3472;0;0;0;0;0;0;0;0;0;21414;9683;0;16525;30018
18.5;10025;10032;9168;5876;8092;0;14995;3847;3035;3853;16000;20704;17925;12412;0;0;0;0;9042;20773;14415;1472;0;0;23722;18355;0;0;12555;33121;14408;29417;9489;10708;0;29376;13215;0;0;14500;0;0;0;0;0;0;0;11384;6066;0;0;0;24474;3952;12320;3258;0;0;0;0;0;0;0;0;0;21732;9683;0;20792;29460
19.5;10025;10032;9168;5835;2275;0;14611;3987;3167;3853;15773;18627;17843;12375;0;0;0;0;9537;21131;15083;981;12066;0;22192;15627;0;0;12862;29491;13843;29230;9124;9692;8613;20915;13410;0;0;15395;0;0;0;0;0;0;20640;11384;6066;0;87954;0;23357;4052;12015;3079;0;0;0;0;0;0;0;0;0;22208;9709;7247;23027;28671
20.5;10025;10032;9193;5794;0;0;13546;4127;3255;3853;15547;16979;17789;12356;0;0;0;0;10031;22206;15847;981;18099;1468;20853;13196;1860;0;13030;26315;13403;28484;8880;9458;9229;14003;13475;0;9592;16111;0;2511;0;0;0;0;20682;11344;6374;0;87954;0;22291;4252;11732;2935;0;0;0;0;0;0;0;0;0;22525;9709;7398;23636;28020
21.5;10025;10032;9317;5794;0;0;5452;4324;3475;4053;15293;15403;17707;12319;0;0;0;0;10667;22922;16324;981;27149;3356;19896;10765;2864;0;13253;23139;12932;26556;8759;9458;9967;8223;13475;0;20383;16111;0;5671;0;0;0;0;20682;11344;6858;0;87954;0;21072;4352;11450;2721;0;0;0;0;0;0;0;0;0;22880;9787;7901;23840;27184
22.5;10025;10032;9392;5794;0;0;3919;4520;3563;4186;15067;13827;17653;12226;0;0;0;0;11374;23280;17088;1350;33182;4405;18366;8781;4134;0;13448;20871;12681;21767;8515;9497;10767;6018;13475;0;41966;16111;0;8588;0;0;0;0;20682;11344;7649;0;87954;0;19955;4602;11051;2577;0;0;0;0;0;0;0;0;0;22842;9813;8606;24043;26301
23.5;10001;10032;9541;5794;0;0;3195;4661;3695;4252;14840;12609;17599;12208;0;0;0;0;11797;23997;17565;1841;39215;5034;17409;7193;5168;0;13560;19283;12430;17662;8394;9770;11628;5124;13475;0;61151;16111;0;11424;0;0;0;0;20682;11344;8616;0;87954;0;18990;4702;10792;2398;0;0;0;0;0;0;0;0;0;22842;9838;9310;24043;25278
24.5;9953;10032;9641;5876;0;0;3067;4857;3871;4385;14643;11462;17490;12152;0;0;0;0;12221;24355;18233;2454;46757;6083;16644;6052;6113;0;13671;17921;12210;14242;8150;10161;12920;4647;13215;0;76738;16111;0;14260;0;0;0;0;20682;11344;9935;0;87954;0;18127;4802;10463;2219;0;0;0;0;0;0;0;0;0;22842;9890;10015;24111;24070
25.5;9929;10032;9840;5876;0;0;3067;4998;4046;4518;14473;10459;17409;12096;0;0;0;0;12575;24713;18711;3314;57315;7132;16070;5209;7028;0;13727;16560;11928;10821;7907;10474;14520;4647;12824;0;79136;16111;0;17096;0;0;0;0;20682;11344;11386;0;87954;0;17213;4902;10181;2040;0;0;0;0;0;0;0;0;0;22842;9942;10820;24111;22862
26.5;9929;10032;10015;5876;0;0;3195;5279;4178;4584;14332;9743;17327;12078;0;0;0;0;12998;25107;19093;4050;69381;7971;15113;4663;7855;0;13801;15426;11708;8085;7907;10904;16427;4886;12434;0;83945;16111;0;20418;0;0;0;0;20682;11384;12924;0;87954;0;16502;5003;9898;1861;0;0;0;0;0;0;0;0;0;22842;9942;11827;24111;21514
27.5;10001;10032;10164;5876;0;0;3535;5475;4354;4584;14190;9242;17191;12022;0;0;0;0;13564;25071;19570;5032;76923;8810;14157;4365;8712;0;13755;14519;11520;6157;7907;11373;18335;5362;12043;0;83932;15932;0;23497;0;0;0;0;20682;11425;14551;0;87954;0;16045;5103;9640;1718;0;0;0;3120;4341;0;0;0;0;22842;9994;12783;24111;20074
28.5;10025;10032;10314;5917;0;0;4004;5672;4574;4717;13964;8740;17110;12004;0;0;0;0;14199;25071;20143;6137;85972;10698;13774;3869;9362;0;13727;13384;11363;5348;7907;11920;21042;5958;11587;5681;83932;15753;0;26575;0;0;0;0;20682;11466;15166;0;87954;0;15436;5203;9381;1539;0;0;0;9808;8683;0;0;0;0;22842;10020;13941;24111;18633
29.5;10025;9985;10438;5917;0;1205;4856;5924;4706;4850;13823;8239;17001;12004;0;0;0;0;14694;25071;21002;7119;96530;11537;13009;3671;9864;0;13643;12023;11206;4726;7907;12350;23749;6614;11197;306821;74340;14858;0;29897;0;0;0;0;20682;11466;15430;0;88594;0;14928;5353;9264;1396;0;0;0;19170;15918;0;0;0;0;22842;10020;15149;24111;17425
30.5;10025;9985;10613;5917;0;2740;5836;6121;4882;4983;13653;7880;16784;11967;7792;6407;5088;6772;15471;25071;22147;8960;98051;12796;12435;3671;10395;0;13588;11116;11017;4477;7907;12780;26764;7508;10546;238636;55155;11815;0;32976;0;0;0;0;20682;11628;15430;0;0;31783;14319;5453;9075;1288;0;0;0;27641;21707;266;1703;2941;6822;22684;10071;16105;24111;15892
31.5;10025;9985;10712;5876;0;4713;6986;6318;4970;5049;13540;7522;16594;11929;16883;15102;15264;17947;16178;25071;23866;10801;81447;13845;11670;3671;10838;0;13420;10435;10892;4291;7907;13171;28794;8282;9764;153409;47961;358;1290;35407;0;0;0;0;20682;11872;15210;0;0;31783;13862;5603;8934;1109;0;0;0;35889;28943;6139;8517;8823;8771;22366;10123;17011;24111;14126
32.5;10025;9985;10837;5835;0;7016;8775;6514;5058;5116;13399;7164;16485;11929;27922;27917;23744;31154;16672;25071;26634;12765;69381;14684;10904;3671;11222;0;13281;9754;10798;4229;7664;13444;26087;8997;9048;113636;44364;0;2452;38162;0;0;0;0;20682;12116;14683;0;0;31859;13405;5753;8699;930;0;0;0;47035;36179;12546;15332;16176;10721;21890;10175;17565;24043;12407
33.5;10025;9985;10936;5835;0;9647;10437;6683;5190;5182;13144;6877;16322;11929;44805;41189;35278;44361;17237;25071;28544;15097;55806;15733;10139;3919;11488;0;13085;8847;10735;4104;7420;13757;23318;9772;8528;85227;41966;0;4517;41403;0;0;0;0;20682;12401;13452;0;0;31859;12998;5853;8582;751;0;0;0;53499;41968;20555;25553;26470;13645;21573;10227;17867;24043;10687
34.5;10025;9985;10986;5835;0;13045;11970;6879;5278;5249;12946;6662;16159;11874;62987;57665;49185;60616;17873;24713;30644;17797;45248;16991;9374;4018;11724;0;12862;8166;10641;3918;7055;14187;20919;10606;8007;56818;38369;0;8261;44482;0;0;0;0;20682;12645;1143;0;0;31859;12643;5903;8394;608;0;0;0;68435;52098;32835;39182;41176;21442;20621;10305;18068;23907;9107
35.5;10025;9985;10986;5835;0;15676;13206;7048;5410;5382;12805;6304;15969;11837;74675;70022;62754;84998;18368;24355;33126;20130;34690;18250;8609;4316;11931;0;12639;7486;10547;3793;6690;14539;19196;11440;7616;39772;32374;0;11875;47075;0;0;0;100009;20724;12848;263;0;0;31935;12288;5953;8205;465;0;0;0;80918;62228;44580;54514;55882;27290;19828;10356;18357;23907;7388
36.5;10025;9985;10986;5835;0;18526;14782;7160;5542;5647;12664;6018;15833;11837;83116;79633;80732;115475;18791;23280;35608;23075;24132;19718;8226;4663;12108;0;12444;6352;10452;3544;5961;14851;17658;12096;7095;0;28776;0;16006;49586;0;0;0;99999;20724;13133;0;0;0;32010;11881;5953;8041;393;0;0;0;93624;72358;61665;73253;76470;37037;19352;10382;18319;23907;5669
37.5;10001;9985;10936;5835;0;21486;16017;7357;5718;5714;12438;5803;15616;11800;87012;86956;99389;135116;19145;22206;37613;26267;15082;21187;7843;5109;12197;0;12276;5444;10296;3047;4501;15242;15997;12692;6705;0;25179;0;22202;51612;0;0;249465;99999;20850;13458;0;0;0;32086;11577;6003;7853;250;0;0;0;109005;82489;76882;91993;95588;44834;18876;10460;18269;23907;4089
38.5;10001;9985;10662;5835;0;24227;16869;7553;5894;5714;12296;5516;15426;11781;88961;92906;112618;153741;19357;21489;39140;28967;7541;23494;7078;5556;12285;0;12220;4990;10233;2114;3406;15477;14704;13228;6314;0;19184;0;28269;53151;0;0;250179;99999;20850;13783;0;0;0;32181;11221;6053;7688;250;0;0;273876;123495;94066;94233;112436;116176;53606;18242;10512;18018;23840;2973
39.5;10001;9985;10588;5876;0;27187;17679;7862;6202;5847;12070;5301;15263;11651;90918;94290;118396;163571;19498;21131;40572;31668;6033;26431;6696;6300;12344;0;12081;4990;10139;1306;1946;15789;13351;13824;5989;0;15587;0;35755;54367;0;499409;250178;99999;20850;14109;0;0;0;32162;10866;6153;7618;214;0;0;221037;136434;104208;115870;138000;142657;66276;17290;10563;17514;23772;2230
40.5;10001;9985;10538;5917;0;30804;18061;8031;6334;5847;11844;5086;15046;11558;86363;93363;106512;99898;19498;20057;41718;34368;0;28949;6313;7094;12344;0;11997;3856;10044;0;973;16102;12366;14360;5663;0;11990;0;44404;55015;0;500591;250178;99999;20850;14393;0;0;0;32162;10510;6403;7547;644;0;0;185167;122826;92619;109983;131175;135294;61403;16338;10641;16608;23704;1626
41.5;10001;9985;10488;6000;0;36395;18019;8227;6422;5980;11646;4943;14801;11503;80519;86041;89552;49441;19639;19340;42522;36455;0;31676;6122;7788;12344;0;11914;3402;9982;0;121;16415;11074;14956;5338;0;9592;0;50729;55339;0;0;0;99999;20850;14759;0;0;0;32162;10256;6453;7383;966;0;0;146873;39233;30390;73144;86882;89705;41910;15704;10667;15702;23433;1301
42.5;10001;9985;10463;6082;0;39574;17125;8480;6598;5980;11477;4800;14367;11503;71428;75057;70895;20995;19898;18266;40477;38910;0;35032;5739;8781;12315;3555;11830;2949;9887;0;0;16610;9967;15433;5207;0;7194;0;59119;55663;0;0;0;99999;20850;15125;0;0;0;32162;9952;6603;7241;1288;0;0;87736;23629;18813;46449;56218;58823;28265;15387;10771;14394;23095;789
43.5;10001;9985;10463;6287;0;40148;13376;8704;6730;6112;11194;4656;13796;11447;60389;61327;46132;10836;19851;17191;37136;40873;0;39647;5165;9525;12315;12281;11746;2268;9825;0;0;16845;9106;15850;5012;0;7194;0;66090;55987;0;0;0;99999;20850;15532;0;0;0;32162;9698;6653;7100;1969;0;0;46049;5349;4341;29898;35775;36764;19493;14911;10822;13438;21876;325
44.5;10001;9985;10463;6452;0;39574;9798;8901;6906;6179;10996;4441;13172;11428;46103;43935;33921;3725;19851;16833;33221;43206;0;44472;5165;10120;12315;26341;11662;1814;9762;0;0;17040;7813;16088;4882;0;0;0;72027;56311;0;0;0;99999;20850;15857;0;0;0;32162;9596;6704;6983;3043;0;0;27629;668;1447;20822;25553;26470;13645;14435;10848;12632;20521;0
45.5;10001;9985;10463;6739;0;38259;7753;9154;7082;6312;10826;4370;12493;11354;29870;27002;23066;1354;19851;15401;29498;45415;0;49507;4974;11063;12315;41855;11607;1814;9730;0;0;17275;6767;16327;4817;0;0;0;76158;56716;0;0;0;0;20850;16142;0;0;0;32162;9342;6904;6865;4045;0;0;10179;222;1447;12813;15332;16176;10721;13959;10926;12028;18692;0
46.5;10001;9985;10463;7109;0;35737;6986;9294;7302;6445;10713;4226;11814;11280;18181;18764;13907;0;19710;15042;24821;47133;0;54331;4782;12055;12315;57853;11579;1134;9668;0;0;17509;5783;16446;4752;0;0;0;79256;56811;0;0;0;0;20850;16386;0;0;0;32162;9089;7004;6724;5263;0;0;1454;0;0;3203;5110;5882;7797;13007;10874;11575;15983;0
47.5;10001;9985;10463;7561;0;32449;6390;9435;7434;6777;10572;3940;11080;11150;11038;12356;7123;0;19710;14684;10310;48975;0;60625;4591;12749;12315;76276;11523;907;9605;0;0;17783;4983;16446;4752;0;0;0;81450;0;0;0;0;0;20850;16670;0;0;0;32162;8784;7054;6607;6981;0;0;0;0;0;0;0;0;0;12373;10874;11374;11513;0
48.5;10001;9985;10463;7931;0;28502;6262;9575;7522;7043;10402;3868;10239;11113;6493;6407;3392;0;19710;13610;6778;50693;0;68177;4208;13444;12315;92921;11523;453;9542;0;0;17978;4183;16446;4752;0;0;0;83516;0;0;0;0;0;20850;16996;0;0;0;32162;8581;7204;6583;8843;0;0;0;0;0;0;0;0;0;11262;10874;11223;8804;0
49.5;10001;9985;10463;8260;0;24446;6390;9800;7654;7043;10176;3725;9587;11020;4545;3661;3052;0;19710;13252;4773;51468;0;78264;3826;14039;12315;109097;11523;0;9479;0;0;18252;3630;16446;4752;0;0;0;85065;0;0;0;0;0;20893;17199;0;0;0;32162;8378;7354;6583;11099;0;0;0;0;0;0;0;0;0;10628;10796;11072;7043;0
50.5;10001;9985;10463;8548;0;18745;6773;9996;7786;7109;9922;3510;9043;11020;0;0;0;0;19498;12893;3627;48238;0;69435;3443;14436;12315;108758;11495;0;9448;0;0;18525;3137;16267;4752;0;0;0;85710;0;0;0;0;0;20893;17280;0;0;0;32162;8225;7354;6583;14070;0;0;0;0;0;0;0;0;0;9993;10796;11072;6163;0
51.5;10001;9985;10438;8794;0;14580;7327;10277;7918;7375;9752;3367;8527;10928;0;0;0;0;19145;12535;3245;39401;0;56010;3443;14436;12344;87912;11467;0;9417;0;0;18799;2584;16029;4882;0;0;0;85849;0;0;0;0;0;20893;17280;0;0;0;32162;8073;7554;6607;17364;0;0;0;0;0;0;0;0;0;9676;10796;11072;5553;0
52.5;10001;9985;10164;8959;0;11620;7923;10473;8049;7641;9611;3152;8066;10890;0;0;0;0;18721;11461;2863;21848;0;46150;2678;14287;12344;67226;11467;0;9385;0;0;19072;2276;15611;5077;0;0;0;0;0;0;0;0;0;20893;17117;0;0;0;32162;7921;7604;6654;20193;0;0;0;0;0;0;0;0;0;8883;10822;11072;4944;185
53.5;10001;9985;10040;9205;0;9318;8733;10670;8181;7774;9413;3080;7713;10779;0;0;0;0;18156;10744;2673;11169;0;33144;2295;13940;12344;51712;11467;0;9385;0;0;19346;2091;14956;5338;0;0;0;0;0;0;0;0;0;20893;16711;0;0;0;32162;7718;7754;6724;21697;0;0;0;0;0;0;0;0;0;7772;10848;11122;4673;697
54.5;10001;9985;9840;9452;0;7344;9627;10867;8225;7906;9215;3009;7305;10742;0;0;0;0;17661;9312;2577;4664;0;22236;2295;13295;12344;43956;11467;0;9322;0;0;19737;2030;14420;5598;0;0;0;0;0;0;0;0;0;20935;16182;0;0;0;32162;7616;7954;6865;22950;0;0;0;0;0;0;0;0;0;6821;10848;11475;4199;1440
55.5;10001;9985;9741;9657;0;5481;11033;11035;8313;8172;9102;2865;7007;10686;0;0;0;0;17167;8595;2482;3068;0;14684;2104;12452;12344;37330;11467;0;9260;0;0;20167;1845;13943;5989;0;0;0;0;0;0;0;0;0;20935;15084;0;0;0;32162;7413;8104;6983;23845;0;0;0;0;0;0;0;0;0;6027;10822;11827;3928;2276
56.5;10001;9913;9641;9863;0;4713;12481;11260;8489;8305;8932;2794;6762;10575;0;0;0;0;16672;7521;2386;2577;0;9649;1721;11509;12374;31835;11439;0;9228;0;0;20753;1845;13347;6379;0;0;0;0;0;0;0;0;0;20935;14027;0;0;0;32162;7261;8304;7124;24274;0;0;0;0;0;0;0;0;0;5393;10719;12280;3589;3113
57.5;10025;9913;9516;10027;0;3288;13802;11456;8709;8372;8791;2650;6491;10519;0;0;0;0;16178;6805;2386;2086;0;5873;1339;10666;12374;27149;11383;0;9197;0;0;21574;1845;12751;6705;0;0;0;0;0;0;0;0;0;20935;13133;615;0;0;32162;7159;8555;7241;24346;0;0;0;0;0;0;0;0;0;4758;10615;13085;3454;3763
58.5;10025;9913;9467;10191;0;2411;14569;11625;8973;8571;8565;2579;6246;10445;0;0;0;0;15400;5730;2386;1595;0;1887;1147;9674;12433;23270;11383;0;9134;0;0;22238;2030;12215;7226;0;0;0;0;0;0;0;0;0;20935;12523;1318;0;0;32162;6956;8805;7430;24489;0;0;0;0;0;0;0;0;0;4282;10563;13840;3318;4182
59.5;10025;9937;9417;10233;0;1644;14910;12046;9193;8704;8339;2507;6056;10352;0;0;0;0;14977;5014;2291;1350;0;629;956;8681;12522;19877;11356;0;9134;0;0;23254;2399;11679;7877;0;0;0;0;0;0;0;0;0;20977;11994;2242;0;0;32162;6854;9055;7594;24561;0;0;0;0;0;0;0;0;0;3965;10512;14746;3047;4275
60.5;10025;9937;9367;10274;0;657;14910;12355;9325;8903;8141;2364;5757;10241;0;0;0;0;14553;3581;2195;981;0;0;573;7739;12640;15998;11328;0;9134;0;0;24153;3076;11083;8723;0;0;0;0;0;0;0;0;0;20977;11547;3033;0;0;0;6804;9405;7829;24654;0;0;0;0;0;0;0;0;0;3807;10460;15602;2912;4368
61.5;10025;10009;9342;10274;0;0;14526;12523;9545;9036;8000;2364;5513;10148;0;0;0;0;14058;3223;2195;859;0;0;382;6895;12758;13897;11300;0;9134;0;0;24701;3753;10427;9374;0;0;0;0;0;0;0;0;0;21083;11181;3868;0;0;0;6651;9755;7994;24597;0;0;0;0;0;0;0;0;0;3331;10382;16256;2844;4321
62.5;10025;10009;9317;10274;0;0;13674;12776;9809;9102;7689;2220;5214;10093;0;0;0;0;13564;2507;2195;490;0;0;382;5953;12935;11797;11244;0;9134;0;0;25287;4799;9772;10220;0;0;0;0;0;0;0;0;0;21061;10774;5143;0;0;0;6499;10106;8158;24597;0;0;0;0;0;0;0;0;0;2855;10356;16659;2709;4042
63.5;10025;10009;9242;10274;0;0;11715;12973;10073;9302;7462;2220;4942;10056;0;0;0;0;12928;0;2195;245;0;0;191;5308;13142;10019;11188;0;9040;0;0;25521;6152;9295;11132;0;0;0;0;0;0;0;0;0;21061;10490;6374;0;0;0;6448;10456;8370;24525;0;0;0;0;0;0;0;0;0;2538;10330;17112;2573;3717
64.5;10025;10009;9193;10233;1264;0;10138;13085;10337;9368;7293;2077;4698;10000;0;0;0;0;12221;0;2100;0;0;0;0;4713;13260;8564;11188;0;9009;0;0;25717;7690;8699;12173;0;0;0;0;0;0;0;0;0;21061;10124;7869;0;0;0;6245;10756;8511;24525;0;0;0;0;0;0;0;0;0;2220;10253;17363;2438;3252
65.5;10001;10009;9168;10191;3793;0;8562;13225;10645;9435;7095;1862;4508;9926;0;0;0;0;11656;0;2004;0;0;0;0;4167;13526;6948;11132;0;8977;0;0;25834;9598;8223;13605;0;0;0;0;0;0;0;0;0;21061;9717;9715;0;0;0;6144;11156;8676;24525;0;0;0;0;0;0;0;0;0;1744;10227;17615;2438;2602
66.5;10001;10009;9043;10191;7333;0;7455;13338;10953;9634;6925;1862;4318;9889;0;0;0;0;11374;0;2004;0;0;0;0;3720;13821;5494;11132;0;8977;0;0;25951;12243;7746;15428;0;0;0;0;0;0;0;0;0;21061;9311;11825;0;0;0;6042;11556;8887;24489;0;0;0;0;0;0;0;0;0;1427;10201;17716;2235;1812
67.5;9977;10009;8968;10191;11295;0;6901;13534;11217;9833;6756;1862;4155;9833;0;0;0;0;11020;0;1909;0;0;0;0;3323;14116;4201;11132;0;8946;0;0;26019;14581;7448;17642;0;0;0;0;0;0;0;0;0;0;8904;13672;0;0;0;5890;12007;9028;24453;0;0;0;0;0;0;0;0;0;1427;10149;17716;2099;1161
68.5;9953;10009;8844;10233;14583;0;6603;13759;11613;10099;6530;1862;3992;9777;0;0;0;0;10385;0;1813;0;0;0;0;2976;14441;2747;11104;0;8852;0;0;0;17965;7150;20311;0;0;0;0;0;0;0;0;0;0;8376;15914;0;0;0;5788;12357;9169;24418;0;0;0;0;0;0;0;0;0;1110;10097;17716;2031;418
69.5;9929;9961;8819;10315;17196;0;6517;13871;12272;10365;6360;1862;3802;9610;0;0;0;0;9819;0;1622;0;0;0;0;2728;14796;1131;11077;0;8757;0;0;0;22272;6792;23110;0;0;0;0;0;0;0;0;0;0;7806;17277;0;0;0;5687;12807;9381;24310;0;0;0;0;0;0;0;0;0;1110;10097;17414;1896;0
70.5;9929;9961;8769;10356;20062;0;6603;14040;12712;10431;6190;1791;3693;9499;0;0;0;0;9395;0;1431;0;0;0;0;2530;15180;0;11021;0;8569;0;0;0;26887;6435;26560;0;0;1074;0;0;118137;0;0;0;0;7196;17716;0;0;0;5483;13107;9522;24239;0;0;0;0;0;0;0;0;0;1110;10097;16961;1896;0
71.5;9929;9961;8744;10397;20821;0;7497;14264;13240;10631;6049;1719;3585;9369;0;0;0;0;8972;0;1431;0;0;0;0;2381;15593;0;11021;0;8443;0;0;0;32424;6137;29425;0;0;5191;0;0;114694;0;0;0;0;6668;17980;0;0;0;5280;13508;9640;24167;0;178331;0;0;0;0;0;0;0;951;10046;16407;1760;0
72.5;9929;9937;8744;10479;21663;0;8562;14433;13680;11096;5851;1432;3476;9184;0;0;0;0;8336;0;1241;0;0;0;0;2282;15977;0;10965;0;8161;0;0;0;34928;5780;33200;0;0;11636;0;0;109351;0;0;0;0;6180;18112;0;0;0;5077;13858;9804;24060;0;162364;0;0;0;0;0;0;0;0;10020;15652;1760;0
73.5;9953;9937;8669;10520;22506;0;9457;14629;14076;11295;5653;1361;3340;8942;0;0;0;0;7912;0;1050;0;0;0;0;2182;16479;0;10937;0;7784;0;0;0;31378;5541;36651;0;0;15395;0;0;101526;0;0;0;0;5611;18156;0;0;0;4874;14258;9969;23881;0;153872;0;0;0;0;0;0;0;0;10020;14696;1625;0
74.5;9977;9937;8620;10602;23181;0;11161;14798;14472;11561;5455;1361;3177;8720;0;0;0;0;7488;0;954;0;0;0;0;2133;16981;0;10853;0;7408;0;0;0;28487;5243;40557;0;0;16648;0;0;92938;0;0;0;0;5001;18200;0;0;0;4620;14708;10110;23666;51082;141304;0;0;0;0;0;0;0;0;9968;13840;1625;0
75.5;9977;9961;8620;10685;24108;0;11928;15023;14956;11960;5173;1361;3014;8516;0;0;0;0;7205;0;859;0;0;0;0;2083;17542;0;10825;0;7031;0;0;0;24795;5005;44528;0;0;16469;0;0;81679;0;0;0;0;4350;18244;0;0;0;4468;15209;10228;23057;58866;130095;0;0;0;0;0;0;0;0;9916;13287;1557;650
76.5;10001;10009;8595;10890;24867;0;12098;15191;15352;12358;4946;1217;2824;8349;0;0;0;0;6570;0;668;0;0;0;0;1984;18103;0;10825;0;6686;0;0;0;22026;5005;44897;0;0;16290;0;0;73473;0;0;0;0;3862;18244;0;0;0;4265;15709;10345;20909;67866;121263;0;0;0;0;0;0;0;0;9916;12683;1422;929
77.5;10001;10009;8595;11219;25625;0;12098;15416;15660;12558;4720;1146;2743;8200;0;0;0;0;6075;0;477;0;0;0;0;1984;18753;0;10797;0;6215;0;0;0;18950;4826;37692;0;0;16111;0;0;66221;0;0;0;0;3293;18332;0;0;0;4112;16209;10463;5334;75164;112771;0;0;0;0;0;0;0;0;9864;12179;1422;836
78.5;10001;10032;8595;11753;26300;0;11459;15640;16055;12691;4494;1074;2634;8070;0;0;0;0;5651;0;286;0;0;0;0;1984;19314;0;10770;0;5807;0;0;0;16304;4707;29164;0;0;16111;0;0;57633;0;0;0;0;2886;18332;0;0;0;3909;16710;10557;3580;89029;0;0;0;0;0;0;0;0;0;9838;11475;1286;418
79.5;10001;10121;8669;12534;26553;0;10138;15893;16451;13023;4325;1074;2525;7978;0;0;0;0;5369;0;0;0;0;0;0;2034;19757;0;10770;0;5524;0;0;0;14151;4409;17837;0;0;16111;0;0;49427;0;0;0;0;2561;18332;0;0;0;3706;17260;10627;3114;99975;0;0;0;0;0;0;0;0;0;9787;11022;1286;0
80.5;10001;10080;8744;13356;26553;0;9329;16118;16935;13222;4127;1003;2444;7792;0;0;0;0;4945;0;0;613;0;0;0;2282;19964;0;10686;0;5116;0;0;0;12859;4290;7746;0;0;16469;0;0;40076;0;0;0;0;2195;18420;0;0;0;3554;17960;10651;3043;115057;0;0;0;0;0;0;0;0;0;9761;10367;1151;0
81.5;10001;10080;8819;14054;26553;0;9031;16342;17507;13621;3957;859;2308;7644;0;0;0;0;4592;0;0;1350;0;0;0;2678;20023;0;10686;0;4739;0;0;0;11628;4171;4947;0;0;16469;0;0;33015;0;0;0;0;1951;18595;0;0;0;3402;19111;10651;3043;132327;0;0;0;0;0;0;0;0;0;9735;10015;1151;0
82.5;10001;10080;8919;14671;25878;0;8988;16567;17991;13953;3787;716;2172;7458;0;0;0;0;4238;0;0;2086;0;0;0;3175;20082;0;10686;0;4394;1803;0;0;11136;4051;3320;0;0;17006;0;0;26526;0;0;0;0;1789;18771;0;0;0;3198;20062;10651;3079;146922;0;0;0;0;0;0;0;0;0;9709;9562;1015;0
83.5;10001;10080;9043;15123;24782;0;9201;16764;18519;14352;3618;716;2091;7272;0;0;0;0;3885;0;0;2823;0;0;0;3770;20112;0;10686;0;3955;6965;0;0;10767;3813;2278;0;0;18080;0;0;18511;0;0;0;0;1626;19035;0;0;0;3046;20912;10651;3293;163712;0;0;0;0;0;0;0;0;0;9709;9260;1015;0
84.5;10001;10080;9217;15945;23349;657;9883;16904;19047;14950;3335;644;1955;7124;0;0;0;0;3602;0;0;3559;0;0;0;4613;20171;0;10686;0;3547;10510;0;0;10336;3634;1627;0;0;19692;0;0;10877;0;0;0;0;1545;19255;0;0;0;2945;21813;10651;3759;0;0;0;0;0;0;0;0;0;0;9683;8958;1015;0
85.5;10001;10056;9442;16520;21832;4494;10650;16988;19619;15481;3137;573;1738;6920;0;0;0;0;3320;0;0;3682;0;0;0;5457;20230;0;10686;0;3264;13744;0;0;10028;3515;1236;0;0;21840;0;0;5916;0;0;0;0;1545;19650;0;0;0;2741;22963;10651;4439;0;0;0;0;0;0;0;0;0;0;9683;8707;880;0
86.5;10001;10009;9716;16972;20062;9208;11502;17213;20322;16411;2911;501;1575;6697;0;0;0;0;3037;0;0;3682;0;0;0;6796;20289;0;10658;0;2982;17351;0;0;9721;3277;911;0;0;24346;0;0;0;0;0;0;0;1707;20134;133438;0;0;2589;24064;10651;5119;0;0;0;0;0;0;0;0;0;0;9657;8556;880;0
87.5;10001;10009;10114;17219;18039;14251;11842;17409;20806;17342;2628;358;1412;6493;0;0;0;0;2613;0;0;3314;0;0;0;8384;20378;0;10602;0;2636;20896;0;0;9475;2919;650;0;0;26852;0;0;0;0;0;0;0;1992;20486;133438;0;0;2437;25465;10580;5871;0;0;0;0;0;0;0;0;0;0;9631;8354;880;0
88.5;10001;10009;10363;17301;15931;16224;12013;17578;21598;18471;2374;358;1195;6233;0;0;0;0;2472;0;0;2823;0;0;0;12501;20437;0;10602;0;2354;23571;0;0;9167;2800;455;0;0;29717;0;0;0;0;0;0;0;2317;20969;133438;0;0;2284;26766;10533;6659;0;0;0;0;0;0;0;0;0;0;9605;8203;812;0
89.5;9929;10009;10662;17301;12812;18307;12013;17746;22434;20132;2176;358;977;5844;0;0;0;0;1978;0;0;2209;0;0;0;15528;20555;0;10574;0;2165;26369;0;0;8982;2562;195;0;0;33118;0;0;0;0;0;0;0;3008;21673;133122;0;0;2081;28116;10510;7375;0;0;0;0;0;0;0;0;0;0;9605;8052;745;0
90.5;9929;9985;10912;17753;10452;20280;11459;17887;23270;21860;1978;358;787;5491;0;0;0;0;1695;0;0;1595;0;0;0;17512;20643;0;10574;0;1946;29976;0;0;8859;2443;0;0;0;34550;0;0;0;0;0;0;0;3984;22860;0;0;0;2031;29317;10416;8234;0;0;0;0;0;0;0;0;0;0;9580;7952;1151;0
91.5;9905;9961;11111;18370;7333;21815;10522;17971;24017;23455;1837;214;624;5065;0;0;0;0;1412;0;0;1104;0;0;0;19645;20702;0;10518;0;1820;32837;0;0;8675;2264;0;0;0;35803;0;0;0;0;0;0;0;5611;24354;0;0;0;1878;30468;10228;9022;0;0;0;0;0;0;0;0;0;0;9554;7650;1625;0
92.5;9929;9961;11360;19644;4720;22473;10351;18168;24765;25514;1639;143;461;4656;0;0;0;0;1200;0;0;613;0;0;0;21580;20862;0;10491;0;1663;35760;0;0;8429;1966;0;0;0;36519;0;0;0;0;0;0;0;7481;26201;0;0;0;1675;30567;10086;9702;0;0;0;0;0;0;0;0;0;0;9528;7146;2438;0
93.5;9953;9961;11485;20918;1938;22802;10181;18336;25689;28106;1413;0;298;4137;0;0;0;0;847;0;0;245;0;0;0;22820;0;0;10491;0;1506;38248;0;0;8306;1847;0;0;0;37414;0;0;0;0;0;0;0;11222;27212;0;0;0;1472;29767;9851;10526;0;0;0;0;11577;0;0;0;0;0;9476;6643;3183;0
94.5;9953;9961;11584;22315;0;23130;9798;18561;26349;30963;1243;0;190;3710;0;0;0;0;635;0;0;0;0;0;0;24160;0;0;10463;0;1412;40798;0;0;8244;1668;0;0;0;37773;0;0;0;0;0;0;0;14068;27695;0;0;0;1269;26315;9475;11313;0;0;0;0;36179;5872;8517;5882;0;0;9424;5989;4063;0
95.5;9977;10009;11784;23589;0;23350;9542;18813;27185;35348;1074;0;108;3116;0;0;0;0;494;0;0;0;0;0;0;25499;0;0;10463;0;1287;41855;0;0;8060;1370;0;0;0;38310;0;0;0;0;0;0;0;17971;27871;0;0;0;1117;21262;9005;12065;0;0;0;0;36179;15750;18739;5882;8771;0;9372;5334;6095;0
96.5;10048;10032;12033;25315;0;23350;9329;18982;28328;38671;848;0;54;2541;0;0;0;0;353;0;0;0;0;0;0;26640;0;0;0;0;1192;42353;0;0;7998;1251;0;0;0;38310;0;0;0;0;0;0;0;22729;27959;0;0;0;913;15609;8535;12889;0;0;0;0;36179;29097;13628;7352;48732;0;9321;4781;9685;0
97.5;10099;10056;12232;26794;0;23569;9159;19150;29120;41063;650;0;27;1688;0;0;0;0;282;0;0;0;0;0;0;27633;0;0;0;0;1130;42695;0;0;7813;1072;0;0;0;38310;0;0;0;0;0;0;0;27120;28040;155309;0;0;812;8455;7970;13605;0;0;0;0;36179;44046;13628;8823;104288;0;9321;4227;16051;0
98.5;10072;10056;12531;28109;0;23679;8946;19291;29824;45116;480;0;0;909;0;0;0;0;0;0;0;0;0;0;0;28377;0;0;0;0;1067;42664;0;0;7752;953;0;0;0;38516;0;0;0;0;0;0;0;28462;28003;155630;15933;2579;609;4652;7383;14070;0;0;0;0;34732;60331;13628;10294;165692;0;9321;3875;39282;0
99.5;10072;10056;12904;29195;0;23788;8647;19761;30931;46889;282;0;0;74;0;0;0;0;0;0;0;0;0;0;0;29069;0;0;0;0;910;42602;0;0;7567;238;0;0;0;38489;0;0;0;0;0;0;0;29319;28003;155625;15933;2579;101;3051;6983;14464;0;0;0;0;34732;83021;15332;10294;198839;0;9321;3271;43860;0
